0.000000000000000000e+00,-6.431569621054152540e-05
2.083333333333333218e-02,-1.397179025503868081e-04
4.166666666666666435e-02,1.533431366722300127e-03
6.250000000000000000e-02,1.987192371755672725e-03
8.333333333333332871e-02,3.016644705360043560e-04
1.041666666666666574e-01,5.267323370419796369e-04
1.250000000000000000e-01,-3.252197065022749412e-06
1.458333333333333148e-01,4.123860835490711363e-05
1.666666666666666574e-01,-1.116770718972148746e-04
1.875000000000000000e-01,-5.034895897123026209e-04
2.083333333333333148e-01,-8.899619246788351146e-04
2.291666666666666574e-01,-1.652576191338978040e-02
2.500000000000000000e-01,-5.552754441767707161e-02
2.708333333333333148e-01,-8.129156239977879117e-02
2.916666666666666297e-01,-7.891199983986092736e-02
3.125000000000000000e-01,-7.673084445046829405e-02
3.333333333333333148e-01,-1.166779578951591956e-01
3.541666666666666297e-01,-1.440181709602631754e-01
3.750000000000000000e-01,-1.232809719265376136e-01
3.958333333333333148e-01,-1.419003835887408527e-01
4.166666666666666297e-01,-1.836869628155399226e-01
4.375000000000000000e-01,-1.614027109454026776e-01
4.583333333333333148e-01,-1.678701448425154452e-01
4.791666666666666297e-01,-2.102814075382839210e-01
5.000000000000000000e-01,-2.107601269746632588e-01
5.208333333333332593e-01,-2.014819004706058791e-01
5.416666666666666297e-01,-2.175075507051163481e-01
5.625000000000000000e-01,-2.197123077310899619e-01
5.833333333333332593e-01,-2.087097103657656882e-01
6.041666666666666297e-01,-1.844167562550261819e-01
6.250000000000000000e-01,-2.635565674743001185e-01
6.458333333333332593e-01,-2.448169756769043304e-01
6.666666666666666297e-01,-2.018371448828732984e-01
6.875000000000000000e-01,-2.371469485535649402e-01
7.083333333333332593e-01,-2.744380962389918466e-01
7.291666666666666297e-01,-2.938023130940682348e-01
7.500000000000000000e-01,-2.979744127853936053e-01
7.708333333333332593e-01,-2.939252507748965071e-01
7.916666666666666297e-01,-2.926771668857133801e-01
8.125000000000000000e-01,-2.923028791378088354e-01
8.333333333333332593e-01,-2.336125507724937100e-01
8.541666666666666297e-01,-2.922402810693007225e-01
8.750000000000000000e-01,-3.175625362320200762e-01
8.958333333333332593e-01,-1.848173800459148308e-01
9.166666666666666297e-01,-3.121797880958444016e-01
9.375000000000000000e-01,-3.081899228027151771e-01
9.583333333333332593e-01,-2.022664144569035760e-01
9.791666666666666297e-01,-2.240092047496468619e-01
1.000000000000000000e+00,-4.023827367704975178e-01
1.020833333333333259e+00,-2.132834806748132861e-01
1.041666666666666519e+00,-2.008879416574598231e-01
1.062500000000000000e+00,-3.371279859163706094e-01
1.083333333333333259e+00,-2.064350601969091870e-01
1.104166666666666519e+00,-2.207751665997126911e-01
1.125000000000000000e+00,-3.097333161372505250e-01
1.145833333333333259e+00,-2.441263288525434283e-01
1.166666666666666519e+00,-2.533690196647814252e-01
1.187500000000000000e+00,-2.788069309846514798e-01
1.208333333333333259e+00,-2.909792642856049993e-01
1.229166666666666519e+00,-2.918018037950382282e-01
1.250000000000000000e+00,-2.849885147327547164e-01
1.270833333333333259e+00,-2.744376582359748240e-01
1.291666666666666519e+00,-2.639454825687717610e-01
1.312500000000000000e+00,-2.580504284141542093e-01
1.333333333333333259e+00,-2.565533827837189196e-01
1.354166666666666519e+00,-2.537070804999344009e-01
1.375000000000000000e+00,-2.502897775546082393e-01
1.395833333333333259e+00,-2.499449246506764699e-01
1.416666666666666519e+00,-2.464367178953100757e-01
1.437500000000000000e+00,-2.473053579568076643e-01
1.458333333333333259e+00,-2.563193237425866466e-01
1.479166666666666519e+00,-2.135059971867496742e-01
1.500000000000000000e+00,-1.898224025788294023e-01
1.520833333333333259e+00,-1.906174539960000525e-01
1.541666666666666519e+00,-1.902898073448481830e-01
1.562500000000000000e+00,-2.217844127370413587e-01
1.583333333333333259e+00,-2.158553662328467626e-01
1.604166666666666519e+00,-2.048862985201536924e-01
1.625000000000000000e+00,-2.041302818462408797e-01
1.645833333333333259e+00,-2.039262174711060638e-01
1.666666666666666519e+00,-2.240732201007194502e-01
1.687500000000000000e+00,-2.162322459964521049e-01
1.708333333333333259e+00,-1.663997888244816981e-01
1.729166666666666519e+00,-1.714986903022715503e-01
1.750000000000000000e+00,-2.848385823825712038e-01
1.770833333333333259e+00,-2.055281928516720369e-01
1.791666666666666519e+00,-2.034961447933293088e-01
1.812500000000000000e+00,-2.673409215681474271e-01
1.833333333333333259e+00,-1.876288922977759621e-01
1.854166666666666519e+00,-1.629944971580977453e-01
1.875000000000000000e+00,-1.241918657345503774e-01
1.895833333333333259e+00,-1.654784166028741288e-01
1.916666666666666519e+00,-2.462015180953900373e-01
1.937500000000000000e+00,-1.601853902003144980e-01
1.958333333333333259e+00,-1.664130701211962715e-01
1.979166666666666519e+00,-1.828281101382023266e-01
2.000000000000000000e+00,-1.775109504185582721e-01
2.020833333333333037e+00,-1.680112093558514541e-01
2.041666666666666519e+00,-1.579010319167142573e-01
2.062500000000000000e+00,-1.533594863387925389e-01
2.083333333333333037e+00,-1.608346310446016059e-01
2.104166666666666519e+00,-1.621330893519692951e-01
2.125000000000000000e+00,-1.296630142849365119e-01
2.145833333333333037e+00,-1.384535179923382375e-01
2.166666666666666519e+00,-1.375852073651930851e-01
2.187500000000000000e+00,-1.405345215152866145e-01
2.208333333333333037e+00,-1.565341037160804527e-01
2.229166666666666519e+00,-1.479033622496866984e-01
2.250000000000000000e+00,-1.205316383836813193e-01
2.270833333333333037e+00,-1.506288131013204801e-01
2.291666666666666519e+00,-1.509420317806645651e-01
2.312500000000000000e+00,-1.077004020497115133e-01
2.333333333333333037e+00,-1.326294470672242931e-01
2.354166666666666519e+00,-1.542889635845243745e-01
2.375000000000000000e+00,-1.632616800839172821e-01
2.395833333333333037e+00,-1.546878217565048064e-01
2.416666666666666519e+00,-1.653267475603301118e-01
2.437500000000000000e+00,-1.446162782211947717e-01
2.458333333333333037e+00,-1.343873167696413851e-01
2.479166666666666519e+00,-1.302821701718493708e-01
2.500000000000000000e+00,-1.243014714885210537e-01
2.520833333333333037e+00,-1.260069078344180360e-01
2.541666666666666519e+00,-1.301169429984559145e-01
2.562500000000000000e+00,-1.312423410347124952e-01
2.583333333333333037e+00,-1.295252772550770648e-01
2.604166666666666519e+00,-1.262000879368915529e-01
2.625000000000000000e+00,-1.287338647733370922e-01
2.645833333333333037e+00,-1.081290190927863548e-01
2.666666666666666519e+00,-5.901048047744670427e-02
2.687500000000000000e+00,-7.929982648030918513e-02
2.708333333333333037e+00,-8.599592757868625148e-02
2.729166666666666519e+00,-8.084201753069682195e-02
2.750000000000000000e+00,-1.046962421781043318e-01
2.770833333333333037e+00,-9.332831716172980407e-02
2.791666666666666519e+00,-1.103827505058312258e-01
2.812500000000000000e+00,-1.140630266678222260e-01
2.833333333333333037e+00,-8.887277249053050776e-02
2.854166666666666519e+00,-1.137773435694632573e-01
2.875000000000000000e+00,-1.424989774084613470e-01
2.895833333333333037e+00,-7.383357521082362096e-02
2.916666666666666519e+00,-9.587208511122866095e-02
2.937500000000000000e+00,-1.089222646974385977e-01
2.958333333333333037e+00,-8.643818970194140638e-02
2.979166666666666519e+00,-1.081928614616759210e-01
3.000000000000000000e+00,-7.276776181015490175e-02
3.020833333333333037e+00,-6.749318435891564494e-02
3.041666666666666519e+00,-7.615354902198945286e-02
3.062500000000000000e+00,-6.876104448236765310e-02
3.083333333333333037e+00,-5.647936764922548841e-02
3.104166666666666519e+00,-5.123553415829595892e-02
3.125000000000000000e+00,-4.708711691538951249e-02
3.145833333333333037e+00,-4.723056023055434427e-02
3.166666666666666519e+00,-4.865685655910080565e-02
3.187500000000000000e+00,-5.016003585672000609e-02
3.208333333333333037e+00,-5.121612005730076522e-02
3.229166666666666519e+00,-5.233294894013661158e-02
3.250000000000000000e+00,-5.267871282500767582e-02
3.270833333333333037e+00,-5.322528948099887469e-02
3.291666666666666519e+00,-5.302165097496441826e-02
3.312500000000000000e+00,-5.294458849813407642e-02
3.333333333333333037e+00,-5.300174470533627891e-02
3.354166666666666519e+00,-5.285550055295935856e-02
3.375000000000000000e+00,-5.279070680243318214e-02
3.395833333333333037e+00,-5.265692077366265766e-02
3.416666666666666519e+00,-5.242212426898912314e-02
3.437500000000000000e+00,-5.217812671364009669e-02
3.458333333333333037e+00,-9.139843940778624720e-02
3.479166666666666519e+00,-6.022926766975965351e-02
3.500000000000000000e+00,-7.194506380142366708e-02
3.520833333333333037e+00,-7.393626761052526919e-02
3.541666666666666519e+00,-6.933960119325154048e-02
3.562500000000000000e+00,-6.039895895249131064e-02
3.583333333333333037e+00,-4.226044024562361501e-02
3.604166666666666519e+00,-4.433645927790948182e-02
3.625000000000000000e+00,-4.023940135712004984e-02
3.645833333333333037e+00,-4.235796255891309536e-02
3.666666666666666519e+00,-4.154642162564603503e-02
3.687500000000000000e+00,-4.226840790456090624e-02
3.708333333333333037e+00,-4.274051533846273676e-02
3.729166666666666519e+00,-4.295364146171436193e-02
3.750000000000000000e+00,-5.293675284138074644e-02
3.770833333333333037e+00,-3.833591816372980410e-02
3.791666666666666519e+00,-3.897597143708728118e-02
3.812500000000000000e+00,-4.449275465733180945e-02
3.833333333333333037e+00,-4.269278229190752449e-02
3.854166666666666519e+00,-4.139999810407038461e-02
3.875000000000000000e+00,-6.306062792346209256e-02
3.895833333333333037e+00,-5.458245454099332900e-02
3.916666666666666519e+00,-5.583760266341732115e-02
3.937500000000000000e+00,-4.441420475974711124e-02
3.958333333333333037e+00,-4.582140939906879928e-02
3.979166666666666519e+00,-5.081657176281860477e-02
4.000000000000000000e+00,-6.294687610644292275e-02
4.020833333333333037e+00,-6.324153309674558632e-02
4.041666666666666075e+00,-5.779526414353142877e-02
4.062500000000000000e+00,-5.801804434109934794e-02
4.083333333333333037e+00,-5.005369015926117160e-02
4.104166666666666075e+00,-4.445258056896773946e-02
4.125000000000000000e+00,-4.883316219459762908e-02
4.145833333333333037e+00,-5.302792621825817843e-02
4.166666666666666075e+00,-4.513036194464728479e-02
4.187500000000000000e+00,-4.132424481984826869e-02
4.208333333333333037e+00,-4.501744319475273204e-02
4.229166666666666075e+00,-2.481522650675373198e-02
4.250000000000000000e+00,-2.648687677488319181e-02
4.270833333333333037e+00,-3.160029607391214024e-02
4.291666666666666075e+00,-3.543459027120014759e-02
4.312500000000000000e+00,-3.681904123394062756e-02
4.333333333333333037e+00,-3.659210417623863509e-02
4.354166666666666075e+00,-5.204866323366257042e-02
4.375000000000000000e+00,-5.962760642255349880e-02
4.395833333333333037e+00,-6.280758345884895899e-02
4.416666666666666075e+00,-5.852244355580526330e-02
4.437500000000000000e+00,-4.125255614026778622e-02
4.458333333333333037e+00,-2.801914710872963066e-02
4.479166666666666075e+00,-2.466679104477910445e-02
4.500000000000000000e+00,-2.259802845901030810e-02
4.520833333333333037e+00,-2.498409413597227346e-02
4.541666666666666075e+00,-3.688981627649255690e-02
4.562500000000000000e+00,-4.236093539023648435e-02
4.583333333333333037e+00,-4.257018669075196549e-02
4.604166666666666075e+00,-4.064454060776403338e-02
4.625000000000000000e+00,-3.853087835169471953e-02
4.645833333333333037e+00,-3.691199509783627680e-02
4.666666666666666075e+00,-3.290863384231007549e-02
4.687500000000000000e+00,-3.083107772233026345e-02
4.708333333333333037e+00,-1.701908975615355757e-02
4.729166666666666075e+00,-3.469743861748753044e-03
4.750000000000000000e+00,-2.305558324007653259e-02
4.770833333333333037e+00,-3.945654621077578084e-02
4.791666666666666075e+00,-4.576485761426128673e-02
4.812500000000000000e+00,-4.609796054313188007e-02
4.833333333333333037e+00,-4.357828798860571839e-02
4.854166666666666075e+00,-4.069225501366399017e-02
4.875000000000000000e+00,-3.834284750201097380e-02
4.895833333333333037e+00,-3.655272665498238149e-02
4.916666666666666075e+00,-3.498993954696618530e-02
4.937500000000000000e+00,-3.423697773279220369e-02
4.958333333333333037e+00,-3.296080094909511343e-02
4.979166666666666075e+00,-3.247929894970460335e-02
5.000000000000000000e+00,-3.133132131464509001e-02
5.020833333333333037e+00,-3.098119359563498293e-02
5.041666666666666075e+00,-2.995339687155539055e-02
5.062500000000000000e+00,-2.974194187120868249e-02
5.083333333333333037e+00,-2.882630736163199064e-02
5.104166666666666075e+00,-2.872944127334498693e-02
5.125000000000000000e+00,-2.789736281274109164e-02
5.145833333333333037e+00,-2.788646117669127400e-02
5.166666666666666075e+00,-2.711401245323474818e-02
5.187500000000000000e+00,-2.716836923841138562e-02
5.208333333333333037e+00,-2.643894388478715274e-02
5.229166666666666075e+00,-2.654396961858376813e-02
5.250000000000000000e+00,-2.584560745118016922e-02
5.270833333333333037e+00,-2.599056646026532552e-02
5.291666666666666075e+00,-2.531440659005573801e-02
5.312500000000000000e+00,-2.601332609190822737e-02
5.333333333333333037e+00,-2.594630024631545961e-02
5.354166666666666075e+00,-2.657924099519161365e-02
5.375000000000000000e+00,-2.573788148319251096e-02
5.395833333333333037e+00,-2.528717308140431691e-02
5.416666666666666075e+00,-2.524275341479370605e-02
5.437500000000000000e+00,-2.520471570608898149e-02
5.458333333333333037e+00,-2.507306967209969178e-02
5.479166666666666075e+00,-2.453167138764371369e-02
5.500000000000000000e+00,-2.435663990407219842e-02
5.520833333333333037e+00,-2.386758732358040813e-02
5.541666666666666075e+00,-2.293293227739048867e-02
5.562500000000000000e+00,-2.252501812292574679e-02
5.583333333333333037e+00,-2.254936938951064562e-02
5.604166666666666075e+00,-2.245041614677513453e-02
5.625000000000000000e+00,-2.233098832616085827e-02
5.645833333333333037e+00,-2.191719439606751307e-02
5.666666666666666075e+00,-2.180820525838218782e-02
5.687500000000000000e+00,-2.153280516350235263e-02
5.708333333333333037e+00,-2.174068664599974887e-02
5.729166666666666075e+00,-2.133772839985109693e-02
5.750000000000000000e+00,-2.122394576558526980e-02
5.770833333333333037e+00,-2.131755245133687415e-02
5.791666666666666075e+00,-2.114240158537440684e-02
5.812500000000000000e+00,-2.111147201975621668e-02
5.833333333333333037e+00,-2.143241879645506331e-02
5.854166666666666075e+00,-2.098308114996225160e-02
5.875000000000000000e+00,-2.082064528090141198e-02
5.895833333333333037e+00,-2.084146134860145883e-02
5.916666666666666075e+00,-2.081807572303254195e-02
5.937500000000000000e+00,-2.080610830990141380e-02
5.958333333333333037e+00,-2.053718656461432646e-02
5.979166666666666075e+00,-2.031145969877168334e-02
6.000000000000000000e+00,-2.021576824811179007e-02
6.020833333333333037e+00,-1.994917687102844284e-02
6.041666666666666075e+00,-2.074433727173656539e-02
6.062500000000000000e+00,-4.980666443475390004e-04
6.083333333333333037e+00,-2.124297063309192601e-02
6.104166666666666075e+00,-1.128278560123700813e-02
6.125000000000000000e+00,-1.243144499666180847e-02
6.145833333333333037e+00,-1.359936528092170471e-02
6.166666666666666075e+00,-1.296003372343830506e-02
6.187500000000000000e+00,-1.505805729926237846e-02
6.208333333333333037e+00,-1.407041064829976651e-02
6.229166666666666075e+00,-1.534497296477721484e-02
6.250000000000000000e+00,-1.929955018740028838e-02
6.270833333333333037e+00,-2.566234011671179871e-02
6.291666666666666075e+00,-1.508296560096678007e-02
6.312500000000000000e+00,-1.176141542373526638e-02
6.333333333333333037e+00,-1.192992400231306094e-02
6.354166666666666075e+00,-1.298762866474219291e-02
6.375000000000000000e+00,-1.405694983151549449e-02
6.395833333333333037e+00,-1.438833909301415193e-02
6.416666666666666075e+00,-1.459692458435450646e-02
6.437500000000000000e+00,-1.446690136862804898e-02
6.458333333333333037e+00,-1.468107796615529537e-02
6.479166666666666075e+00,-1.501400311584026592e-02
6.500000000000000000e+00,-1.492350815223703053e-02
6.520833333333333037e+00,-1.495208160133744413e-02
6.541666666666666075e+00,-1.523327493826527601e-02
6.562500000000000000e+00,-1.516036675570309189e-02
6.583333333333333037e+00,-1.516331059984103724e-02
6.604166666666666075e+00,-1.518878310996882308e-02
6.625000000000000000e+00,-1.518273273473927376e-02
6.645833333333333037e+00,-1.518771553571988953e-02
6.666666666666666075e+00,-1.520057217377408787e-02
6.687500000000000000e+00,-1.521025137159257024e-02
6.708333333333333037e+00,-1.520925615813398246e-02
6.729166666666666075e+00,-1.519492188496798790e-02
6.750000000000000000e+00,-1.516771602400651675e-02
6.770833333333333037e+00,-1.512945676508729853e-02
6.791666666666666075e+00,-1.508220929170414615e-02
6.812500000000000000e+00,-1.502779654333426251e-02
6.833333333333333037e+00,-1.496767470359668117e-02
6.854166666666666075e+00,-1.499727259968700044e-02
6.875000000000000000e+00,-1.486278956590622591e-02
6.895833333333333037e+00,-1.474862230294678167e-02
6.916666666666666075e+00,-1.493762379327297218e-02
6.937500000000000000e+00,-1.478733997662701194e-02
6.958333333333333037e+00,-1.461937256179088318e-02
6.979166666666666075e+00,-1.459487984486557144e-02
7.000000000000000000e+00,-1.473116770367759176e-02
7.020833333333333037e+00,-1.448138060090489732e-02
7.041666666666666075e+00,-1.435613284183762106e-02
7.062500000000000000e+00,-1.442928977348005570e-02
7.083333333333333037e+00,-1.415851557340946920e-02
7.104166666666666075e+00,-1.437988245307109114e-02
7.125000000000000000e+00,-1.404375723428573364e-02
7.145833333333333037e+00,-1.419986455164316819e-02
7.166666666666666075e+00,-1.393408818215959022e-02
7.187500000000000000e+00,-2.108367086323637007e-02
7.208333333333333037e+00,-1.241608552545583888e-02
7.229166666666666075e+00,-1.793628949620515445e-02
7.250000000000000000e+00,-1.962815608468614081e-02
7.270833333333333037e+00,-1.402102926032360031e-02
7.291666666666666075e+00,-7.262141971295557608e-03
7.312500000000000000e+00,-2.952476345051996409e-03
7.333333333333333037e+00,-9.235325069013172739e-03
7.354166666666666075e+00,-1.427103131591402063e-02
7.375000000000000000e+00,-5.443172857134026543e-03
7.395833333333333037e+00,-7.571474013140511161e-04
7.416666666666666075e+00,-2.896769379893748830e-03
7.437500000000000000e+00,-5.726207705161551198e-03
7.458333333333333037e+00,-3.856207773482736578e-03
7.479166666666666075e+00,-3.335738160381684914e-03
7.500000000000000000e+00,-4.965801283585952186e-03
7.520833333333333037e+00,-4.295706775107668851e-03
7.541666666666666075e+00,-5.201944991280696429e-03
7.562500000000000000e+00,-5.648855809967462394e-03
7.583333333333333037e+00,-5.977689830424404160e-03
7.604166666666666075e+00,-6.400912545756809457e-03
7.625000000000000000e+00,-5.988299559247622916e-03
7.645833333333333037e+00,-7.092326056798756162e-03
7.666666666666666075e+00,-6.703903758882454045e-03
7.687500000000000000e+00,-8.277392554761495158e-03
7.708333333333333037e+00,-8.246584493171657537e-03
7.729166666666666075e+00,-8.243936577496238649e-03
7.750000000000000000e+00,-8.477930441549513807e-03
7.770833333333333037e+00,-8.726737795472908066e-03
7.791666666666666075e+00,-9.005284876286850926e-03
7.812500000000000000e+00,-9.489305783628873558e-03
7.833333333333333037e+00,-1.002966717055314705e-02
7.854166666666666075e+00,-8.912271385810840996e-03
7.875000000000000000e+00,-9.616189299205962771e-03
7.895833333333333037e+00,-1.007877355410918829e-02
7.916666666666666075e+00,-9.073282072659713537e-03
7.937500000000000000e+00,-9.947031909129822047e-03
7.958333333333333037e+00,-1.057904338373552577e-02
7.979166666666666075e+00,-9.692878826712547635e-03
8.000000000000000000e+00,-1.047395625190740420e-02
8.020833333333332149e+00,-9.483943195689945038e-03
8.041666666666666075e+00,-1.038687353313194617e-02
8.062500000000000000e+00,-1.110320706961009929e-02
8.083333333333332149e+00,-1.020769870000839963e-02
8.104166666666666075e+00,-1.091201512990605527e-02
8.125000000000000000e+00,-1.004272490256799544e-02
8.145833333333332149e+00,-1.074786318935355700e-02
8.166666666666666075e+00,-9.833940845562161304e-03
8.187500000000000000e+00,-1.059958918625272806e-02
8.208333333333332149e+00,-9.585762625777344281e-03
8.229166666666666075e+00,-1.043562216445106938e-02
8.250000000000000000e+00,-1.106609141380390793e-02
8.270833333333332149e+00,-1.009665827591822718e-02
8.291666666666666075e+00,-1.067543062058151637e-02
8.312500000000000000e+00,-9.624787435054391049e-03
8.333333333333332149e+00,-1.033503638137849012e-02
8.354166666666666075e+00,-1.082026945736967727e-02
8.375000000000000000e+00,-9.781919010868209141e-03
8.395833333333332149e+00,-1.034839854826248573e-02
8.416666666666666075e+00,-1.086090967357895842e-02
8.437500000000000000e+00,-9.715324167343664108e-03
8.458333333333332149e+00,-1.017113516146893326e-02
8.479166666666666075e+00,-1.052945512226192981e-02
8.500000000000000000e+00,-9.275636303327824961e-03
8.520833333333332149e+00,-9.782027773578533258e-03
8.541666666666666075e+00,-1.001085361503360749e-02
8.562500000000000000e+00,-1.019596456820612285e-02
8.583333333333332149e+00,-1.057878805914731768e-02
8.604166666666666075e+00,-9.226292696674076588e-03
8.625000000000000000e+00,-9.530385542070099469e-03
8.645833333333332149e+00,-9.583550050431391409e-03
8.666666666666666075e+00,-9.633550328917897532e-03
8.687500000000000000e+00,-9.779938788504624614e-03
8.708333333333332149e+00,-9.892362395712492318e-03
8.729166666666666075e+00,-1.000968981423801252e-02
8.750000000000000000e+00,-1.006524329102521931e-02
8.770833333333332149e+00,-1.006829957514708551e-02
8.791666666666666075e+00,-1.012303686187231155e-02
8.812500000000000000e+00,-1.014600738100399080e-02
8.833333333333332149e+00,-1.010509454220639980e-02
8.854166666666666075e+00,-1.001423336174292467e-02
8.875000000000000000e+00,-9.895910979991789924e-03
8.895833333333332149e+00,-9.751447067425852988e-03
8.916666666666666075e+00,-9.486678536306136778e-03
8.937500000000000000e+00,-9.218128056842481155e-03
8.958333333333332149e+00,-8.990263724312858029e-03
8.979166666666666075e+00,-8.710029702057794920e-03
9.000000000000000000e+00,-8.498641261026576577e-03
9.020833333333332149e+00,-8.255089608641227872e-03
9.041666666666666075e+00,-9.542445102420735181e-03
9.062500000000000000e+00,-9.122813768993584538e-03
9.083333333333332149e+00,-8.651885185059618455e-03
9.104166666666666075e+00,-1.023445348190754611e-02
9.125000000000000000e+00,-1.038482088537652503e-02
9.145833333333332149e+00,-1.364929130938742630e-02
9.166666666666666075e+00,-1.550634943511357278e-02
9.187500000000000000e+00,-1.669314319370020228e-02
9.208333333333332149e+00,-1.511725778218916960e-02
9.229166666666666075e+00,-1.087175718129464175e-02
9.250000000000000000e+00,-6.594074392523643913e-03
9.270833333333332149e+00,-2.957653279427235882e-03
9.291666666666666075e+00,-4.944591856249125339e-03
9.312500000000000000e+00,-9.682309928603291538e-03
9.333333333333332149e+00,-9.876016412789206944e-03
9.354166666666666075e+00,-8.938056720894607676e-03
9.375000000000000000e+00,-6.006995327476810642e-03
9.395833333333332149e+00,-1.774232792159782801e-03
9.416666666666666075e+00,-2.362450481273981051e-03
9.437500000000000000e+00,-1.093540665881562179e-03
9.458333333333332149e+00,-6.712789246771308505e-03
9.479166666666666075e+00,-1.487457259216451444e-03
9.500000000000000000e+00,-2.842200961430632611e-03
9.520833333333332149e+00,-8.421781404404637961e-04
9.541666666666666075e+00,-8.474460527023719436e-04
9.562500000000000000e+00,-8.562992966963806074e-04
9.583333333333332149e+00,-8.614446038693601704e-04
9.604166666666666075e+00,-8.661757272196840551e-04
9.625000000000000000e+00,-8.704913756997223473e-04
9.645833333333332149e+00,-8.744140127898147874e-04
9.666666666666666075e+00,-8.779591273702230803e-04
9.687500000000000000e+00,-8.811391673638341304e-04
9.708333333333332149e+00,-8.839648488956491912e-04
9.729166666666666075e+00,-8.864459690661879998e-04
9.750000000000000000e+00,-8.885918893905830895e-04
9.770833333333332149e+00,-1.233701268706560716e-03
9.791666666666666075e+00,-1.711230096884133745e-03
9.812500000000000000e+00,-1.178598149752997648e-02
9.833333333333332149e+00,-1.643798270811216988e-02
9.854166666666666075e+00,-1.714106430605152886e-02
9.875000000000000000e+00,-1.848198586334255655e-02
9.895833333333332149e+00,-1.339847729128307297e-02
9.916666666666666075e+00,-1.089308442882516714e-02
9.937500000000000000e+00,-9.356259982642403661e-03
9.958333333333332149e+00,-8.006941976462761401e-03
9.979166666666666075e+00,-1.149164732008309264e-02
1.000000000000000000e+01,-1.450107560436435239e-02
1.002083333333333215e+01,1.159256390064216657e-01
1.004166666666666607e+01,2.352891718439450441e-01
1.006250000000000000e+01,3.536335621002435481e-01
1.008333333333333215e+01,4.724940456878494177e-01
1.010416666666666607e+01,6.068862403588713983e-01
1.012500000000000000e+01,7.200336499469084384e-01
1.014583333333333215e+01,8.399438878108580475e-01
1.016666666666666607e+01,1.038177221589042132e+00
1.018750000000000000e+01,1.075593791218911299e+00
1.020833333333333215e+01,1.221964493214184433e+00
1.022916666666666607e+01,1.359371004868127786e+00
1.025000000000000000e+01,1.487118206497566097e+00
1.027083333333333215e+01,1.698519591711669996e+00
1.029166666666666607e+01,1.802275539693151796e+00
1.031250000000000000e+01,1.905843435352137183e+00
1.033333333333333215e+01,1.575926585890546461e+00
1.035416666666666607e+01,5.078652578275028029e-01
1.037500000000000000e+01,9.171293289239256241e-01
1.039583333333333215e+01,1.041802375943388759e+00
1.041666666666666607e+01,3.770096801756554483e-01
1.043750000000000000e+01,4.083869830560029612e-01
1.045833333333333215e+01,5.023697284828697596e-01
1.047916666666666607e+01,4.220711106862669038e-01
1.050000000000000000e+01,3.268141409841923140e-01
1.052083333333333215e+01,2.218326317310223561e-01
1.054166666666666607e+01,1.191491168029121528e-01
1.056250000000000000e+01,3.176806048305618607e-02
1.058333333333333215e+01,-1.159144955740157995e-04
1.060416666666666607e+01,-3.824132707024897881e-04
1.062500000000000000e+01,-1.038502754753450018e-03
1.064583333333333215e+01,4.083597378451778170e-05
1.066666666666666607e+01,2.154828165738809087e-05
1.068750000000000000e+01,-1.316710023241823846e-04
1.070833333333333215e+01,-4.646569735205774432e-04
1.072916666666666607e+01,-7.711998899778846339e-03
1.075000000000000000e+01,-7.678576101206724402e-02
1.077083333333333215e+01,-8.864236990354169843e-02
1.079166666666666607e+01,-7.877990819438579484e-02
1.081250000000000000e+01,-1.502777783461749506e-01
1.083333333333333215e+01,-1.432313270409983907e-01
1.085416666666666607e+01,-1.469871101155756365e-01
1.087500000000000000e+01,-1.740826505857180628e-01
1.089583333333333215e+01,-1.478178572927154322e-01
1.091666666666666607e+01,-2.267346609089971876e-01
1.093750000000000000e+01,-1.638681806096201343e-01
1.095833333333333215e+01,-1.331836290836326819e-01
1.097916666666666607e+01,-2.122691188286680297e-01
1.100000000000000000e+01,-2.246167544202401223e-01
1.102083333333333215e+01,-1.282670300422443788e-01
1.104166666666666607e+01,-2.494208862143683647e-01
1.106250000000000000e+01,-2.219086047564213793e-01
1.108333333333333215e+01,-2.493970642548936911e-01
1.110416666666666607e+01,-2.386271245192968238e-01
1.112500000000000000e+01,-2.277263539978368612e-01
1.114583333333333215e+01,-2.187830325936761244e-01
1.116666666666666607e+01,-2.180980483705922957e-01
1.118750000000000000e+01,-2.190496146959782231e-01
1.120833333333333215e+01,-2.148058303300449667e-01
1.122916666666666607e+01,-2.009778297113952727e-01
1.125000000000000000e+01,-2.021022149455579120e-01
1.127083333333333215e+01,-1.779648353277022421e-01
1.129166666666666607e+01,-1.625013422247926220e-01
1.131250000000000000e+01,-1.547240866242193258e-01
1.133333333333333215e+01,-1.519165224475335085e-01
1.135416666666666607e+01,-1.532456977581711233e-01
1.137500000000000000e+01,-1.553862612435055468e-01
1.139583333333333215e+01,-1.652622580152830478e-01
1.141666666666666607e+01,-1.749166710784827161e-01
1.143750000000000000e+01,-1.794200796883750615e-01
1.145833333333333215e+01,-1.782527106081063795e-01
1.147916666666666607e+01,-1.722179152778072764e-01
1.150000000000000000e+01,-1.669637669189268370e-01
1.152083333333333215e+01,-1.631836304863035214e-01
1.154166666666666607e+01,-1.605760591763367717e-01
1.156250000000000000e+01,-1.552100065211805546e-01
1.158333333333333215e+01,-1.492038989361987866e-01
1.160416666666666607e+01,-1.301288671539009290e-01
1.162500000000000000e+01,-1.090277134233293282e-01
1.164583333333333215e+01,-1.281370266044482564e-01
1.166666666666666607e+01,-1.310617786631865511e-01
1.168750000000000000e+01,-1.869109612109884910e-01
1.170833333333333215e+01,-1.366932932541908563e-01
1.172916666666666607e+01,-6.363152577656545905e-02
1.175000000000000000e+01,-1.150845329453161620e-01
1.177083333333333215e+01,-1.180953456755370473e-01
1.179166666666666607e+01,-6.207321412555871776e-02
1.181250000000000000e+01,-9.048540945337600616e-02
1.183333333333333215e+01,-1.184678948262463671e-01
1.185416666666666607e+01,-9.688414120519618644e-02
1.187500000000000000e+01,-1.001586769267146793e-01
1.189583333333333215e+01,-1.119314813346546644e-01
1.191666666666666607e+01,-1.059229465470750697e-01
1.193750000000000000e+01,-1.048444296281464128e-01
1.195833333333333215e+01,-9.779086370620565516e-02
1.197916666666666607e+01,-1.058563642810503164e-01
